timestamp,device_name,student_name,roll_no,node_1_detections,node_2_detections,verification
2026-09-28T08:43:30,ATTEND-KAVIN,Kavin J S,CH.SC.U4CSE24119,3,3,VERIFIED
2026-09-28T08:48:16,ATTEND-KAVIN,Kavin J S,CH.SC.U4CSE24119,3,3,VERIFIED
2026-09-28T10:28:33,ATTEND-KAVIN,Kavin J S,CH.SC.U4CSE24119,3,3,VERIFIED
2026-09-28T10:28:48,ATTEND-LOHITH,Lohith,CH.SC.U4CSE24153,3,3,VERIFIED
2026-09-28T10:30:49,ATTEND-LOHITH,Lohith,CH.SC.U4CSE24153,3,6,VERIFIED
2026-09-28T10:32:16,ATTEND-KAVIN,Kavin J S,CH.SC.U4CSE24119,3,6,VERIFIED
2026-09-28T18:05:10,ATTEND-KAVIN,Kavin J S,CH.SC.U4CSE24119,4,3,VERIFIED
2026-09-28T18:08:48,ATTEND-KAVIN,Kavin J S,CH.SC.U4CSE24119,5,3,VERIFIED
2026-09-28T18:26:06,ATTEND-KAVIN,Kavin J S,CH.SC.U4CSE24119,3,3,VERIFIED
2026-09-28T18:31:41,ATTEND-KAVIN,Kavin J S,CH.SC.U4CSE24119,3,4,VERIFIED
2026-09-28T18:42:41,ATTEND-KAVIN,Kavin J S,CH.SC.U4CSE24119,3,3,VERIFIED
2026-09-28T18:43:34,ATTEND-KAVIN,Kavin J S,CH.SC.U4CSE24119,3,3,VERIFIED
